"","cor","slope"
"lag",0.995307710595018,0.972621325234218
"mumax",0.995307710595018,0.870513587378085
"LOG10Nmax",0.944575084422919,0.790783092764515
